node_id,author,year,title,type,venue_or_publisher,subfield,topic,role_in_dialogue,metadata_status,notes
wellhausen_1878,Julius Wellhausen,1878,Prolegomena zur Geschichte Israels,book,Reimer,HB/Torah,Documentary hypothesis,Classical JEDP source-critical synthesis,needs-page-verification,
gunkel_1901,Hermann Gunkel,1901,Genesis,commentary,HKAT,HB/Torah,form criticism,"Moves Genesis to genres, sagas, oral traditions",needs-page-verification,
vonrad_1938,Gerhard von Rad,1938,The Form-Critical Problem of the Hexateuch,article,Archiv für Kulturgeschichte,HB/Torah,credo/tradition history,Traces Hexateuchal tradition through liturgical credo,needs-page-verification,
noth_1948,Martin Noth,1948,A History of Pentateuchal Traditions,book,Kohlhammer,HB/Torah,tradition history,Breaks source model into smaller tradition complexes,needs-page-verification,
rendtorff_1977,Rolf Rendtorff,1977,The Problem of the Process of Transmission in the Pentateuch,book,de Gruyter,HB/Torah,source criticism,Challenges classical source documents,needs-page-verification,
vanseters_1975,John Van Seters,1975,Abraham in History and Tradition,book,Yale University Press,HB/Torah,supplementary model,Rejects early patriarchal historicity and revises dating of Yahwist,needs-page-verification,
blum_1984,Erhard Blum,1984,Die Komposition der Vätergeschichte,book,Neukirchener,HB/Torah,composition history,Compositional history as alternative to classical source division,needs-page-verification,
whybray_1987,R. N. Whybray,1987,The Making of the Pentateuch,book,JSOT Press,HB/Torah,source criticism,Skeptical review of documentary models,needs-page-verification,
baden_2009,Joel S. Baden,2009,"J, E, and the Redaction of the Pentateuch",book,Mohr Siebeck,HB/Torah,neo-documentary,Revives a refined documentary approach,needs-page-verification,
carr_2011,David M. Carr,2011,The Formation of the Hebrew Bible,book,Oxford University Press,HB/Torah,scribal formation,Compares models through scribal transmission,needs-page-verification,
schmid_2012,Konrad Schmid,2012,The Old Testament: A Literary History,book,Fortress,HB/Torah,literary history,European literary-historical synthesis,needs-page-verification,
nihan_2007,Christophe Nihan,2007,From Priestly Torah to Pentateuch,book,Mohr Siebeck,HB/Torah,Priestly formation,P as editorial/legal-theological project,needs-page-verification,
stackert_2014,Jeffrey Stackert,2014,A Prophet Like Moses,book,Oxford University Press,HB/Torah,law and prophecy,Deuteronomy and priestly/Jeremiah traditions as inner-biblical interpretation,needs-page-verification,
milstein_2016,Sara J. Milstein,2016,Tracking the Master Scribe,book,Oxford University Press,HB/Torah,scribal revision,Doublets and scribal culture,needs-page-verification,
zahn_2020,Molly M. Zahn,2020,Genres of Rewriting in Second Temple Judaism,book,Cambridge University Press,Second Temple/Torah,rewritten scripture,Second Temple evidence for textual rewriting,needs-page-verification,
dayfani_2025,Hila Dayfani,2025,The Priestly Stratum in the Book of Genesis: A Materialist Foundation,article,JSOT 50.2,HB/Torah,Priestly source,Current materialist intervention in P debate,web-verified,SAGE JSOT 50.2 2025
zhang_2026,Zara Zhang,2026,Sintflut and Sinai: Genesis 6-8's Allusion to Exodus 24-40,article,JSOT 50.3,HB/Torah,inner-biblical allusion,Current cross-Pentateuch allusion article,web-verified,SAGE JSOT 50.3 2026
yu_2026,Jihye Yu,2026,Cultural Memory in Deuteronomy 4 and 32,article,JSOT 50.3,HB/Torah,cultural memory,Current Deuteronomy memory article,web-verified,SAGE JSOT 50.3 2026
mendenhall_1954,George E. Mendenhall,1954,Covenant Forms in Israelite Tradition,article,Biblical Archaeologist,HB/Law,covenant and treaty,Classic treaty-form comparison,needs-page-verification,
weinfeld_1970,Moshe Weinfeld,1970,The Covenant of Grant in the Old Testament and in the Ancient Near East,article,JAOS,HB/Law,covenant and treaty,Differentiates grant and treaty models,needs-page-verification,
fishbane_1985,Michael Fishbane,1985,Biblical Interpretation in Ancient Israel,book,Oxford University Press,HB/Law,inner-biblical exegesis,Foundational model of inner-biblical interpretation,needs-page-verification,
levinson_1997,Bernard M. Levinson,1997,Deuteronomy and the Hermeneutics of Legal Innovation,book,Oxford University Press,HB/Law,legal revision,Deuteronomy as revision of Covenant Code,needs-page-verification,
westbrook_1988,Raymond Westbrook,1988,Studies in Biblical and Cuneiform Law,book,Gabalda,HB/Law,comparative law,Cuneiform/biblical law comparison,needs-page-verification,
barmash_2005,Pamela Barmash,2005,Homicide in the Biblical World,book,Cambridge University Press,HB/Law,criminal law,Comparative homicide law,needs-page-verification,
hocking_kline_2025,I. H. Hocking and L. Kline,2025,On the Enigma of Deuteronomy 20:19-20,article,Vetus Testamentum 75,HB/Law,Deut 20; trees; warfare,Recent legal/ecological debate on Deut 20,web-verified,Brill VT 75 2025 contents
magori_2026,Ohad Magori,2026,Theft of Livestock in the Covenant Code,article,JBL 145.1,HB/Law,Covenant Code; property,Current article on legal history,web-verified,SBL/JBL 145.1 2026
chavel_2025,S. B. Chavel,2025,Race and Ethnicity at Genesis 10 and the Idea of 'Semites',article,Vetus Testamentum 75.4-5,HB/Torah,Genesis 10; race,Current race/ethnicity article,web-verified,Brill VT 75.4-5 2025
segal_2025,M. Segal,2025,From the Jordan to Mt. Ebal and Back,article,Vetus Testamentum 75.4-5,HB/Law,Deut 27; Joshua,Recent law/narrative article,web-verified,Brill VT 75.4-5 2025
noth_1943,Martin Noth,1943,The Deuteronomistic History,book,Niemeyer,HB/Former Prophets,DtrH,Foundational unified Deuteronomistic History,needs-page-verification,
cross_1973,Frank Moore Cross,1973,The Themes of the Book of Kings and the Structure of the Deuteronomistic History,article,Canaanite Myth and Hebrew Epic,HB/Former Prophets,DtrH,Double redaction model,needs-page-verification,
nelson_1981,Richard D. Nelson,1981,The Double Redaction of the Deuteronomistic History,book,JSOT Press,HB/Former Prophets,DtrH,Develops Cross's double redaction,needs-page-verification,
roemer_2005,Thomas Römer,2005,The So-Called Deuteronomistic History,book,T&T Clark,HB/Former Prophets,DtrH,European reassessment of DtrH,needs-page-verification,
knoppers_1993,Gary N. Knoppers,1993,Two Nations Under God,book,Harvard Semitic Museum,HB/Kings,DtrH,"Monarchy, theology, and historiography",needs-page-verification,
finkelstein_2001,Israel Finkelstein and Neil Asher Silberman,2001,The Bible Unearthed,book,Free Press,Archaeology/HB,archaeology/history,Popular/minimalist-leaning archaeology synthesis,needs-page-verification,
dever_2003,William G. Dever,2003,Who Were the Early Israelites and Where Did They Come From?,book,Eerdmans,Archaeology/HB,Israelite origins,Archaeological synthesis against extreme minimalism,needs-page-verification,
mazar_2005,Amihai Mazar,2005,The Debate over the Chronology of the Iron Age in the Southern Levant,article,in The Bible and Radiocarbon Dating,Archaeology/HB,low/high chronology,Balanced chronology intervention,needs-page-verification,
gottwald_1979,Norman K. Gottwald,1979,The Tribes of Yahweh,book,Orbis,HB/History,Israelite origins,Social-scientific peasant-revolt model,needs-page-verification,
faust_2006,Avraham Faust,2006,Israel's Ethnogenesis,book,Equinox,Archaeology/HB,ethnogenesis,Archaeological model for Israelite identity,needs-page-verification,
rouse_2024,Kimberly Rouse,2024,The Altar on Mount Ebal and the Israelite Settlement,article,JBL 143.2,Archaeology/HB,Mt. Ebal; settlement,Recent archaeology/text article,web-verified,Project MUSE JBL 143.2 2024
scott_2026,Samantha Scott,2026,Provisioning the Persians: Posing Persia in Ezra 6.8-12,article,JSOT 50.3,HB/Postexilic,Persian empire; Ezra,Recent imperial-administration reading,web-verified,SAGE JSOT 50.3 2026
duhm_1892,Bernhard Duhm,1892,Das Buch Jesaja,commentary,Vandenhoeck & Ruprecht,HB/Prophets,Isaiah composition,Classic tri-Isaiah and Servant Songs,needs-page-verification,
seitz_1991,Christopher R. Seitz,1991,Zion's Final Destiny,book,Fortress,HB/Prophets,canonical Isaiah,Canonical/literary Isaiah reading,needs-page-verification,
sweeney_1996,Marvin A. Sweeney,1996,Isaiah 1-39 with an Introduction to Prophetic Literature,commentary,FOTL,HB/Prophets,Isaiah,Form-critical/literary commentary,needs-page-verification,
tov_jeremiah_1985,Emanuel Tov,1985,The Literary History of the Book of Jeremiah in Light of Its Textual History,article,Empirical Models for Biblical Criticism,Textual Criticism/HB,Jeremiah MT/LXX,Relates textual plurality to literary development,needs-page-verification,
stulman_1986,Louis Stulman,1986,The Prose Sermons of the Book of Jeremiah,book,Scholars Press,HB/Prophets,Jeremiah,Literary/redactional analysis of Jeremiah prose,needs-page-verification,
oconnor_2011,Kathleen M. O'Connor,2011,Jeremiah: Pain and Promise,book,Fortress,HB/Prophets,Jeremiah; trauma,Trauma/hope reading of Jeremiah,needs-page-verification,
ben_zvi_2026,Ehud Ben Zvi,2026,"Open the Gates! Writing, Authoritative Texts, Social Memory, Imagination, Community, and Isaiah 26:1-6",article,JBL 145.1,HB/Prophets,Isaiah; social memory,Current social-memory Isaiah article,web-verified,SBL/JBL 145.1 2026
vandyke_2024,Sara J. K. VanDyke,2024,Materiality of Scribal Practice in Isaiah 8:1-2,article,JBL 143.1,HB/Prophets,Isaiah; scribal materiality,Recent scribal materiality article,web-verified,Project MUSE JBL 143.1 2024
sherman_2026,Phillip Michael Sherman,2026,Houses Full of Owls: Oracular Owls in Isaiah,article,JSOT 50.3,HB/Prophets,Isaiah; animals,Current animal/divination reading,web-verified,SAGE JSOT 50.3 2026
rossi_2025,B. Rossi,2025,Jeremiah 10:1-16 MT and LXX,article,Vetus Testamentum 75.4-5,Textual Criticism/HB,Jeremiah MT/LXX,Recent Jeremiah textual/redaction article,web-verified,Brill VT 75.4-5 2025
nissinen_2000,Martti Nissinen,2000,Prophecy in Its Ancient Near Eastern Context,edited volume,SBL,HB/Prophets,comparative prophecy,Comparative prophecy in ANE context,needs-page-verification,
kelle_2005,Brad E. Kelle,2005,Hosea 2: Metaphor and Rhetoric in Historical Perspective,book,SBL,HB/Prophets,Hosea; metaphor,Metaphor and rhetoric in Hosea,needs-page-verification,
deans_2025,Jacob Deans,2025,Amos amongst the nōqdīm,article,JSOT 50.2,HB/Prophets,Amos; social location,Recent social-location article,web-verified,SAGE JSOT 50.2 2025
lemos_2025,T. M. Lemos,2025,"We Became Refuse and Rubbish: Violence, Filth, and Rehumanization after Exile",article,JSOT 50.2,HB/Exile,violence; filth; exile,Current trauma/dehumanization article,web-verified,SAGE JSOT 50.2 2025
lasine_2026,Stuart Lasine,2026,Cain and the Book of Jonah,article,JSOT 50.3,HB/Narrative,Jonah; Cain,Recent intertextual reading,web-verified,SAGE JSOT 50.3 2026
gunkel_psalms_1926,Hermann Gunkel,1926,The Psalms: A Form-Critical Introduction,book,original German work,HB/Psalms,psalm genres,Classic psalm genre classification,needs-page-verification,
mowinckel_1962,Sigmund Mowinckel,1962,The Psalms in Israel's Worship,book,Abingdon,HB/Psalms,cult; enthronement,Cultic/worship setting of Psalms,needs-page-verification,
kugel_1981,James L. Kugel,1981,The Idea of Biblical Poetry,book,Yale University Press,HB/Poetry,parallelism,Reorients study of biblical parallelism,needs-page-verification,
alter_1985,Robert Alter,1985,The Art of Biblical Poetry,book,Basic Books,HB/Poetry,poetics,Literary-poetic analysis,needs-page-verification,
brueggemann_1984,Walter Brueggemann,1984,The Message of the Psalms,book,Augsburg,HB/Psalms,theology,Orientation/disorientation/new orientation,needs-page-verification,
perez_gondar_2025,Diego Pérez-Gondar,2025,Psalm 22 and Intertextual Dialogism,article,JSOT 50.2,HB/Psalms,Psalm 22; dialogism,Recent intertextual/dialogic reading,web-verified,SAGE JSOT 50.2 2025
creach_2026,Jerome F. D. Creach,2026,The Goodness of Creation and the Embedded Theophany in Psalm 104,article,JBL 145.1,HB/Psalms,Psalm 104; creation,Current Psalm 104 article,web-verified,SBL/JBL 145.1 2026
jones_2025,Jordan Jones,2025,Could the Preacher Have Learned from the Teaching of Khety?,article,JSOT 50.2,HB/Wisdom,Qohelet; Egyptian wisdom,Current Egyptological wisdom comparison,web-verified,SAGE JSOT 50.2 2025
qin_yan_2025,Qian Qin and Fangming Yan,2025,A Sinicized Feminist Reading: Wu Shutian's Translation of Song of Songs,article,JSOT 50.2,Reception/Global,Song of Songs; Chinese feminism,Current global feminist reception article,web-verified,SAGE JSOT 50.2 2025
reimarus_1778,Hermann Samuel Reimarus,1778,Fragments,fragment/publication,Lessing publication,Historical Jesus,Jesus and church distinction,Initiates modern Jesus/church distinction,needs-page-verification,
strauss_1835,David Friedrich Strauss,1835,The Life of Jesus Critically Examined,book,Osiander,Historical Jesus,myth criticism,Mythic interpretation of Gospel narratives,needs-page-verification,
schweitzer_1906,Albert Schweitzer,1906,The Quest of the Historical Jesus,book,Mohr Siebeck,Historical Jesus,quest historiography,Apocalyptic critique of liberal Jesus portraits,needs-page-verification,
bultmann_1921,Rudolf Bultmann,1921,The History of the Synoptic Tradition,book,Vandenhoeck & Ruprecht,Gospels,form criticism,Classic form-critical model for synoptic tradition,needs-page-verification,
kasemann_1954,Ernst Käsemann,1954,The Problem of the Historical Jesus,lecture/article,Essays on New Testament Themes,Historical Jesus,new quest,Reopens quest after Bultmann,needs-page-verification,
sanders_1985,E. P. Sanders,1985,Jesus and Judaism,book,Fortress,Historical Jesus,restoration eschatology,Jewish restoration/Temple action model,needs-page-verification,
crossan_1991,John Dominic Crossan,1991,The Historical Jesus,book,HarperSanFrancisco,Historical Jesus,sapiential/cross-cultural,Jesus as Mediterranean Jewish peasant and sage,needs-page-verification,
meier_1991,John P. Meier,1991,"A Marginal Jew, vol. 1",book,Doubleday,Historical Jesus,criteria; marginal Jew,Large-scale criteria-based reconstruction,needs-page-verification,
wright_1996,N. T. Wright,1996,Jesus and the Victory of God,book,Fortress,Historical Jesus,exile/restoration,Jesus as prophet of Israel's return from exile,needs-page-verification,
allison_2010,Dale C. Allison Jr.,2010,Constructing Jesus,book,Baker Academic,Historical Jesus,memory; apocalyptic,Memory and recurring-pattern approach,needs-page-verification,
keith_ledonne_2012,Chris Keith and Anthony Le Donne,2012,"Jesus, Criteria, and the Demise of Authenticity",edited volume,T&T Clark,Historical Jesus,criteria critique,Programmatic critique of classic criteria,needs-page-verification,
bermejo_2023,Fernando Bermejo-Rubio,2023,They Suffered Under Pontius Pilate,book,Fortress/Lexington?,Historical Jesus,anti-Roman Jesus,Insurrectionist/anti-Roman reconstruction,needs-page-verification,
jshj_special_2025,Robert J. Myles et al.,2025,They Suffered Under Pontius Pilate: Jewish Anti-Roman Resistance and the Crosses at Golgotha,special issue,Journal for the Study of the Historical Jesus 23.2-3,Historical Jesus,anti-Roman Jesus,Special-issue debate over Bermejo-Rubio and insurgent Jesus,web-verified,Brill JSHJ 23.2-3 2025
middleton_2025,Paul Middleton,2025,How Much History Can the Gospels Bear?,article,JSHJ 23.2-3,Historical Jesus,anti-Roman Jesus; method,Responds to Bermejo-Rubio via history/method question,web-verified,Brill JSHJ 23.2-3 2025
worthington_2025,Bruce W. Worthington,2025,There Is No 'They' without a 'He',article,JSHJ 23.2-3,Historical Jesus,anti-Roman Jesus; decolonial method,Review article using decolonial approaches to Bermejo-Rubio,web-verified,Brill JSHJ 23.2-3 2025
crossley_2025,James G. Crossley,2025,"The Past, Present, and Future of an Insurgent Jesus",article,JSHJ 23.2-3,Historical Jesus,insurgent Jesus historiography,Traces history of insurgent/seditious Jesus idea,web-verified,Brill JSHJ 23.2-3 2025
myles_2026,Robert J. Myles,2026,"Soft Clothing, Hard Jesus: Costume and the Rhetoric of Class in Matthew 11:7-19 and Q 7:24-35",article,JBL 145.1,Historical Jesus/Gospels,class; costume; Q,Current class/material-culture Jesus article,web-verified,SBL/JBL 145.1 2026
streeter_1924,B. H. Streeter,1924,The Four Gospels,book,Macmillan,Synoptic Problem,Two-source theory,Classic four-document/two-source theory,needs-page-verification,
farrer_1955,Austin Farrer,1955,On Dispensing with Q,article,in Studies in the Gospels,Synoptic Problem,Farrer hypothesis,Rejects Q; Luke used Matthew,needs-page-verification,
farmer_1964,William R. Farmer,1964,The Synoptic Problem,book,Macmillan,Synoptic Problem,Two-Gospel hypothesis,Modern defense of Griesbach/Two-Gospel,needs-page-verification,
sanders_1969,E. P. Sanders,1969,The Tendencies of the Synoptic Tradition,book,Cambridge University Press,Synoptic Problem,redactional tendencies,Critiques simplistic laws of transmission,needs-page-verification,
goulder_1989,Michael Goulder,1989,Luke: A New Paradigm,book,JSOT Press,Synoptic Problem,Farrer hypothesis,Detailed Farrer/Luke-used-Matthew case,needs-page-verification,
kloppenborg_1987,John S. Kloppenborg,1987,The Formation of Q,book,Fortress,Synoptic Problem/Q,Q stratification,Classic Q stratification model,needs-page-verification,
goodacre_2002,Mark Goodacre,2002,The Case Against Q,book,Trinity Press International,Synoptic Problem,Farrer hypothesis,Major anti-Q Farrer case,needs-page-verification,
tuckett_1996,Christopher M. Tuckett,1996,Q and the History of Early Christianity,book,T&T Clark,Synoptic Problem/Q,Q and early Christianity,Major Q defense,needs-page-verification,
duncanson_2025,B. Duncanson,2025,Q and/or the Farrer Hypothesis?,article,New Testament Studies?,Synoptic Problem,Q/Farrer,Recent synoptic-problem article to harvest,needs-verification,Seed from recent-literature scan
wrede_1901,William Wrede,1901,The Messianic Secret,book,Vandenhoeck & Ruprecht,Gospels/Mark,messianic secret,Classic theory of Markan theological secrecy,needs-page-verification,
kelber_1983,Werner H. Kelber,1983,The Oral and the Written Gospel,book,Fortress,Gospels/Mark,orality; Mark,Orality/writing turn in Mark studies,needs-page-verification,
rhoads_dewey_michie_1982,"David Rhoads, Joanna Dewey, and Donald Michie",1982,Mark as Story,book,Fortress,Gospels/Mark,narrative criticism,Narrative-critical Markan method,needs-page-verification,
myers_1988,Ched Myers,1988,Binding the Strong Man,book,Orbis,Gospels/Mark,political reading,Political/imperial reading of Mark,needs-page-verification,
malbon_1985,Elizabeth Struthers Malbon,1985,ΤΗ ΟΙΚΙΑ ΑΥΤΟΥ: Mark 2.15 in Context,article,New Testament Studies 31,Gospels/Mark,Mark 2.15; house,Classic Mark 2.15 house-referent article,web-verified,Referenced in JSNT 48.3 2026 TOC
may_1993,David M. May,1993,Mark 2.15: The Home of Jesus or Levi?,article,New Testament Studies 39,Gospels/Mark,Mark 2.15; house,Direct response to Malbon on house referent,web-verified,Referenced in JSNT 48.3 2026 TOC
malbon_2026,Elizabeth Struthers Malbon,2026,Mark 2.15 in Even Broader Context: A Reflection,article,JSNT 48.3,Gospels/Mark,Mark 2.15; house,Retrospective in current special issue,web-verified,SAGE JSNT 48.3 2026
may_2026,David M. May,2026,A Retrospective on Mark 2.15,article,JSNT 48.3,Gospels/Mark,Mark 2.15; house,Retrospective in current special issue,web-verified,SAGE JSNT 48.3 2026
alow_2026,Tobias Ålöw,2026,Whose House? Revisiting the Referent of αὐτοῦ in Mark 2.15,article,JSNT 48.3,Gospels/Mark,Mark 2.15; syntax,Current direct revisit of Malbon/May debate,web-verified,SAGE JSNT 48.3 2026
doole_2026,J. Andrew Doole,2026,Revisiting Jesus's House,article,JSNT 48.3,Gospels/Mark,Mark 2.15; Jesus's house,Current contribution to house debate,web-verified,SAGE JSNT 48.3 2026
douglas_2026,Sally Douglas,2026,Home in Time for Dinner,article,JSNT 48.3,Gospels/Mark,meals; gender,Extends house debate to dinner scenes/gender,web-verified,SAGE JSNT 48.3 2026
glaser_2026,Timo Glaser,2026,"The House, the Table, and the Message",article,JSNT 48.3,Gospels/Mark,meals; Jewish mission,Extends Mark meals via ancient Jewish missions,web-verified,SAGE JSNT 48.3 2026
burridge_1992,Richard A. Burridge,1992,What Are the Gospels?,book,Cambridge University Press,Gospels,bios genre,Gospels as Greco-Roman bioi,needs-page-verification,
bauckham_1998,Richard Bauckham,1998,The Gospels for All Christians,edited volume,Eerdmans,Gospels,Gospel audiences,Challenges community-specific Gospel audiences,needs-page-verification,
gregor_blais_2024,Brian Gregor and Andrew Blais,2024,Against Bauckham on Gospel Audiences,article,JSNT,Gospels,Gospel audiences,Recent JSNT article contra Bauckham 2017/1998,web-verified,Mentioned in JSNT 48.3 2026 abstract
wilson_vandeweghe_2026,Aaron Wilson and James van de Weghe,2026,Re-Examining the Statistical Evidence for the Influence of Mark 13 on 2 Thessalonians 2.1-12,article,JSNT 48.3,Pauline/Gospels,Mark 13; 2 Thessalonians,Responds to 2024 article and Bauckham intertextual thesis,web-verified,SAGE JSNT 48.3 2026
delgado_2026,Alfredo Delgado Gómez,2026,In Response to the Image and Inscription of Caesar,article,JSNT 48.3,Gospels/Mark,Caesar; empire,Current rhetorical/empire reading of Mark 12,web-verified,SAGE JSNT 48.3 2026
genter_2026,John Genter,2026,The Messianic Secret in Matthew's Gospel,article,JBL 145.1,Gospels/Matthew,messianic secret,Revisits Wredean motif in Matthew,web-verified,SBL/JBL 145.1 2026
murray_2026,Timothy Murray,2026,The Social Location of Luke and Acts: A Model of Ancient Multilingualism,article,JSNT 48.3,Luke-Acts,multilingualism,Current social-location model,web-verified,SAGE JSNT 48.3 2026
chan_2026,Joshua Chan,2026,Multilingual Speech from Heaven: Reading Acts 2:3 through Ancient Conceptions of Tongues,article,JBL 145.1,Luke-Acts,Acts 2; tongues,Current multilingual/language article,web-verified,SBL/JBL 145.1 2026
kochenash_2024,Michael Kochenash,2024,"The Census, Josephus, and Luke's Narrative Strategy",article,JBL 143.3,Luke-Acts,Luke 2; Josephus,Recent Luke historiography article,web-verified,Project MUSE JBL 143.3 2024
bruehler_2026,Bart B. Bruehler,2026,"Truly Human, Truly Divine: Positive Emotion as a Component of Luke's Christology",article,JSNT 48.3,Luke-Acts,emotion; Christology,Current affect-Christology article,web-verified,SAGE JSNT 48.3 2026
baur_1845,F. C. Baur,1845,Paul the Apostle of Jesus Christ,book,German publication,Pauline Studies,Tübingen school,Paul as key to early Christian conflict,needs-page-verification,
schweitzer_paul_1930,Albert Schweitzer,1930,The Mysticism of Paul the Apostle,book,A&C Black,Pauline Studies,participation; mysticism,Participation/mysticism model,needs-page-verification,
bultmann_theology_1951,Rudolf Bultmann,1951,Theology of the New Testament,book,Scribner,Pauline Studies,existential theology,Existential/dialectical Paul,needs-page-verification,
kasemann_1969_paul,Ernst Käsemann,1969,Justification and Salvation History in the Epistle to the Romans,article,Perspectives on Paul,Pauline Studies,justification; apocalyptic,Reframes justification and salvation history,needs-page-verification,
stendahl_1963,Krister Stendahl,1963,The Apostle Paul and the Introspective Conscience of the West,article,Harvard Theological Review,Pauline Studies,new perspective seed,Critiques Lutheran introspective Paul,needs-page-verification,
sanders_1977_paul,E. P. Sanders,1977,Paul and Palestinian Judaism,book,Fortress,Pauline Studies,covenantal nomism,Launches New Perspective baseline,needs-page-verification,
dunn_1983,James D. G. Dunn,1983,The New Perspective on Paul,lecture/article,BJRL,Pauline Studies,works of law,Names New Perspective; ethnocentric boundary markers,needs-page-verification,
wright_1997_paul,N. T. Wright,1997,What Saint Paul Really Said,book,Eerdmans,Pauline Studies,new perspective; covenant,Popular/theological New Perspective synthesis,needs-page-verification,
hays_1983,Richard B. Hays,1983,Psalm 143 and the Logic of Romans 3,article,JBL,Pauline Studies,pistis Christou; intertextuality,Key early pistis/intertext article,needs-page-verification,
hays_1989,Richard B. Hays,1989,Echoes of Scripture in the Letters of Paul,book,Yale University Press,Pauline Studies,scriptural echoes,Foundational intertextual Paul,needs-page-verification,
martyn_1985,J. Louis Martyn,1985,Apocalyptic Antinomies in Paul's Letter to the Galatians,article,NTS,Pauline Studies,apocalyptic Paul,Major apocalyptic Galatians article,needs-page-verification,
barclay_1987,John M. G. Barclay,1987,Mirror-Reading a Polemical Letter: Galatians as a Test Case,article,JSNT,Pauline Studies,mirror-reading,Methodological guardrails for reconstructing opponents,needs-page-verification,
nanos_1996,Mark D. Nanos,1996,The Mystery of Romans,book,Fortress,Paul within Judaism,Romans; Judaism,Jewish-community reading of Romans,needs-page-verification,
eisenbaum_2009,Pamela Eisenbaum,2009,Paul Was Not a Christian,book,HarperOne,Paul within Judaism,Paul and Judaism,Popular/scholarly Paul-within-Judaism articulation,needs-page-verification,
fredriksen_2017,Paula Fredriksen,2017,Paul: The Pagans' Apostle,book,Yale University Press,Paul within Judaism,gentile mission,Paul as Jewish apostle to nations,needs-page-verification,
barclay_2015,John M. G. Barclay,2015,Paul and the Gift,book,Eerdmans,Pauline Studies,grace/gift,Reworks grace via ancient gift discourse,needs-page-verification,
gaventa_2016,Beverly Roberts Gaventa,2016,When in Romans,book,Baker Academic,Pauline Studies,apocalyptic Romans,Apocalyptic reading of Romans,needs-page-verification,
novenson_2017,Matthew V. Novenson,2017,The Grammar of Messianism,book,Oxford University Press,Pauline Studies,messiah/christology,Messianism and Christ-language,needs-page-verification,
glancy_2002,Jennifer A. Glancy,2002,Slavery in Early Christianity,book,Oxford University Press,Pauline Studies,slavery; body,Slavery/body as early Christian context,needs-page-verification,
last_2025,Richard Last,2025,The Social History of Pauline Christ Groups and the Early Judaism Approach,article,Currents in Biblical Research,Paul within Judaism,social history; early Judaism,Current state-of-question for Paul-within-Judaism,needs-verification,Recent-literature seed
gathercole_2025,Simon Gathercole,2025,When Will the Thessalonians Meet the Lord? Revisiting the Timing of the Parousia,article,Journal for the Study of the New Testament 48.2,Pauline Studies,1 Thessalonians; parousia,Recent parousia/intertext debate,needs-verification,Recent JSNT 48.2 seed
hannah_2025,Darcy Hannah,2025,Three Misconceptions about Paul's Parousia Teaching,article,Journal for the Study of the New Testament 48.2,Pauline Studies,parousia,Recent corrective in parousia discussion,needs-verification,Recent JSNT 48.2 seed
akagi_2026,Kai Akagi,2026,From Eph 3.15 Back to Eph 1.10,article,JSNT 48.3,Pauline/Deutero-Pauline,Ephesians; household,Current sociological-exegetical Ephesians article,web-verified,SAGE JSNT 48.3 2026
bultmann_john_1941,Rudolf Bultmann,1941,The Gospel of John: A Commentary,commentary,Vandenhoeck & Ruprecht,John,source/revelation discourse,Classic source/revelation John model,needs-page-verification,
martyn_john_1968,J. Louis Martyn,1968,History and Theology in the Fourth Gospel,book,Harper & Row,John,Johannine community,Two-level drama and synagogue expulsion,needs-page-verification,
meeks_1972,Wayne A. Meeks,1972,The Man from Heaven in Johannine Sectarianism,article,JBL,John,sectarianism; descent/ascent,Social-sectarian reading of Johannine Christology,needs-page-verification,
brown_john_1979,Raymond E. Brown,1979,The Community of the Beloved Disciple,book,Paulist,John,Johannine community,Historical community reconstruction,needs-page-verification,
reinhartz_1998,Adele Reinhartz,1998,The Word in the World,book,Scholars Press,John,narrative/ethics,Narrative and theological world of John,needs-page-verification,
seglenieks_2025,Meredith J. C. Warren / Mark? Seglenieks,2025,"John, Social Identity, and Gospel Audience",article,JSNT?,John,audience; identity,Recent John audience article seed,needs-verification,Recent-literature seed
collins_revelation_1984,Adela Yarbro Collins,1984,Crisis and Catharsis,book,Westminster,Revelation,crisis; apocalypse,Classic socio-literary reading of Revelation,needs-page-verification,
sfiorenza_1985_revelation,Elisabeth Schüssler Fiorenza,1985,The Book of Revelation: Justice and Judgment,book,Fortress,Revelation,feminist/liberation,Feminist/liberation reading of Revelation,needs-page-verification,
pippin_1992,Tina Pippin,1992,Death and Desire,book,Westminster John Knox,Revelation,postmodern feminist,Feminist/postmodern critique of Revelation,needs-page-verification,
friesen_2001,Steven J. Friesen,2001,Imperial Cults and the Apocalypse of John,book,Oxford University Press,Revelation,imperial cult,Revelation in imperial-cult context,needs-page-verification,
koester_2014,Craig R. Koester,2014,Revelation,commentary,Anchor Yale Bible,Revelation,commentary synthesis,Major recent critical commentary,needs-page-verification,
hidalgo_2016,Jacqueline M. Hidalgo,2016,Revelation in Aztlán,book,Palgrave Macmillan,Revelation,race/coloniality,Chicana/o and coloniality reading,needs-page-verification,
jsnt_rev_intro_2025,Meredith J. C. Warren and Christopher B. Zeichmann,2025,"Gender, Violence, Empire, and Revelation: Introduction",article,JSNT special issue,Revelation,gender; violence; empire,Recent special-issue framing of Revelation debate,needs-verification,Recent JSNT special issue seed
hidalgo_2025,Jacqueline M. Hidalgo,2025,Revelation and Decolonial Biblical Studies,article,JSNT special issue,Revelation,decoloniality,Current decolonial continuation,needs-verification,Recent JSNT special issue seed
thomas_2025,Niki Kasumi Clements / Thomas,2025,"Revelation, Sexual Violence, and Imperial Fantasy",article,JSNT special issue,Revelation,sexual violence,Current gender/violence contribution,needs-verification,Recent JSNT special issue seed
breu_2025,Clarice J. Martin? / Breu,2025,Revelation and Race/Ethnicity,article,JSNT special issue,Revelation,race; empire,Current race/ethnicity contribution,needs-verification,Recent JSNT special issue seed
huber_2025,Lynn R. Huber,2025,"Revelation, Visuality, and Embodiment",article,JSNT special issue,Revelation,visuality; gender,Current visuality/embodiment contribution,needs-verification,Recent JSNT special issue seed
pippin_response_2025,Tina Pippin,2025,Response to Revelation Special Issue,article,JSNT special issue,Revelation,feminist response,Senior feminist response to current Revelation debate,needs-verification,Recent JSNT special issue seed
mcclain_2026,Rubin McClain,2026,New Jerusalem and Greco-Roman City Founding,article,CBQ 88.1,Revelation,New Jerusalem; city founding,Current urban/contextual Revelation article,web-verified,CBQ 88.1 2026
westcott_hort_1881,B. F. Westcott and F. J. A. Hort,1881,The New Testament in the Original Greek,edition/introduction,Macmillan,NT Textual Criticism,genealogical method,Foundational modern NT text theory,needs-page-verification,
colwell_1969,Ernest C. Colwell,1969,Method in Evaluating Scribal Habits,article,Studies in Methodology in Textual Criticism,NT Textual Criticism,scribal habits,Empirical scribal-habits method,needs-page-verification,
metzger_1968,Bruce M. Metzger,1968,The Text of the New Testament,book,Oxford University Press,NT Textual Criticism,manual,Standard manual and internal/external criteria,needs-page-verification,
epp_1974,Eldon Jay Epp,1974,The Twentieth-Century Interlude in New Testament Textual Criticism,article,JBL,NT Textual Criticism,disciplinary history,Provokes reassessment of method and goals,needs-page-verification,
ehrman_1993,Bart D. Ehrman,1993,The Orthodox Corruption of Scripture,book,Oxford University Press,NT Textual Criticism,theology and variants,Variants in Christological/theological conflict,needs-page-verification,
parker_1997,D. C. Parker,1997,The Living Text of the Gospels,book,Cambridge University Press,NT Textual Criticism,living text,Textual plurality and Gospel transmission,needs-page-verification,
epp_1999,Eldon Jay Epp,1999,The Multivalence of the Term Original Text,article,HTR,Textual Criticism,original text,Problematises the goal of 'original text',needs-page-verification,
royse_2008,James R. Royse,2008,Scribal Habits in Early Greek New Testament Papyri,book,Brill,NT Textual Criticism,scribal habits,Large-scale papyri scribal-habits study,needs-page-verification,
mink_2009,Gerd Mink,2009,"Contamination, Coherence, and Coincidence in Textual Transmission",article,TC/CBGM venues,NT Textual Criticism,CBGM,Foundational coherence-based genealogical method discussion,needs-page-verification,
wasserman_gurry_2017,Tommy Wasserman and Peter J. Gurry,2017,A New Approach to Textual Criticism,book,SBL Press,NT Textual Criticism,CBGM,Accessible CBGM introduction,needs-page-verification,
allen_2025,Garrick V. Allen,2025,Studies of Shapes: Subjectivity in Palaeography and Understanding,article,NTS 71.2,NT Textual Criticism,palaeography,Current critique of objective palaeographic dating,web-verified,Cambridge NTS latest issue 2025
cross_dss_1958,Frank Moore Cross,1958,The Ancient Library of Qumran,book,Doubleday,Qumran/Text,DSS textual pluriformity,Early synthesis of Qumran manuscript significance,needs-page-verification,
talmon_1975,Shemaryahu Talmon,1975,The Three Scrolls of the Law that Were Found in the Temple Court,article,Textus,HB Textual Criticism,textual plurality,Model for textual plurality and groups,needs-page-verification,
tov_1992,Emanuel Tov,1992,Textual Criticism of the Hebrew Bible,book,Fortress,HB Textual Criticism,manual,Standard Hebrew Bible textual-criticism manual,needs-page-verification,
ulrich_1999,Eugene Ulrich,1999,The Dead Sea Scrolls and the Origins of the Bible,book,Eerdmans,HB Textual Criticism,pluriformity,DSS and pluriform biblical text,needs-page-verification,
gallagher_2024,Edmon L. Gallagher,2024,The LXX and the Development of Biblical Canon,article,JBL 143.2,Textual Criticism/LXX,canon; LXX,Recent LXX/canon article,web-verified,Project MUSE JBL 143.2 2024
catalano_2025,A. G. Catalano,2025,Alternative Readings in the Septuagint as 'Snapshots' of Textual Development,article,Vetus Testamentum 75.4-5,Textual Criticism/LXX,Hosea; LXX,Recent LXX textual development article,web-verified,Brill VT 75.4-5 2025
garcia_alayon_2026,Carlos A. Garcia Alayon,2026,Delimiting Creation: The Early Septuagint Witness of Genesis 1,article,CBQ 88.1,Textual Criticism/LXX,Genesis 1; LXX,Current Genesis 1 LXX article,web-verified,CBQ 88.1 2026
press_2025,Michael Press,2025,Fake Dead Sea Scrolls: Towards a Full History,article,Dead Sea Discoveries 32.3,Qumran/Manuscripts,DSS forgeries,Current provenance/forgery history,web-verified,Brill DSD 32.3 2025
schurer_1886,Emil Schürer,1886,A History of the Jewish People in the Time of Jesus Christ,book,T&T Clark,Second Temple Judaism,historical synthesis,Classic historical infrastructure,needs-page-verification,
vanderkam_1984,James C. VanderKam,1984,Enoch and the Growth of an Apocalyptic Tradition,book,Catholic Biblical Association,Second Temple Judaism,Enoch; apocalyptic,Foundational Enoch/apocalyptic study,needs-page-verification,
nickelsburg_2001,George W. E. Nickelsburg,2001,1 Enoch 1,commentary,Hermeneia,Second Temple Judaism,1 Enoch,Major critical commentary,needs-page-verification,
collins_1998,John J. Collins,1998,The Apocalyptic Imagination,book,Eerdmans,Second Temple Judaism,apocalypticism,Standard synthesis of Jewish apocalyptic,needs-page-verification,
stone_1990,Michael E. Stone,1990,Fourth Ezra,commentary,Hermeneia,Second Temple Judaism,4 Ezra,Major critical commentary,needs-page-verification,
boccaccini_1998,Gabriele Boccaccini,1998,Beyond the Essene Hypothesis,book,Eerdmans,Qumran,Enochic Judaism,Qumran in Enochic Judaism model,needs-page-verification,
dimant_2014,Devorah Dimant,2014,"History, Ideology and Bible Interpretation in the Dead Sea Scrolls",book,Mohr Siebeck,Qumran,interpretation/history,Major DSS interpretive essays,needs-page-verification,
newsom_2004,Carol A. Newsom,2004,The Self as Symbolic Space,book,Brill,Qumran,identity; sectarianism,Identity formation in Qumran community,needs-page-verification,
schiffman_1994,Lawrence H. Schiffman,1994,Reclaiming the Dead Sea Scrolls,book,Jewish Publication Society,Qumran,halakhah,Qumran as Jewish legal movement,needs-page-verification,
tigchelaar_2007,Eibert Tigchelaar,2007,Classifications of the Collection of Dead Sea Scrolls and the Case of Apocryphon of Jeremiah C,article,JSJ/DSD,Qumran,classification,Challenges categories of DSS corpus,needs-page-verification,
goff_2013,Matthew Goff,2013,4QInstruction,book,SBL Press,Qumran,wisdom; apocalyptic,Wisdom/apocalyptic at Qumran,needs-page-verification,
stuckenbruck_2017,Loren T. Stuckenbruck,2017,The Myth of Rebellious Angels,book,Mohr Siebeck,Second Temple Judaism,Watchers; evil,Watchers tradition and evil,needs-page-verification,
kosmin_2024,Paul J. Kosmin,2024,"Enoch, Time, and Hellenistic Chronography",article,JBL 143.1,Second Temple Judaism,Enoch; time,Recent Enoch/chronography article,web-verified,Project MUSE JBL 143.1 2024
hughes_huff_2024,Hannah Harrington Hughes-Huff,2024,The Dead Sea Scrolls in Popular Media,article,JBL 143.3,Qumran/Reception,DSS; media,Recent public-media reception article,web-verified,Project MUSE JBL 143.3 2024
strack_stemberger_1982,Hermann L. Strack and Günter Stemberger,1982,Introduction to the Talmud and Midrash,book,Fortress,Rabbinics,introduction,Core rabbinic literature introduction,needs-page-verification,
lieberman_1946,Saul Lieberman,1946,Hellenism in Jewish Palestine,book,Jewish Theological Seminary,Rabbinics,Hellenism; Palestine,Classic rabbinics and Hellenistic context,needs-page-verification,
neusner_1973,Jacob Neusner,1973,The Rabbinic Traditions about the Pharisees before 70,book,Brill,Rabbinics,tradition history,Programmatic source-critical rabbinics,needs-page-verification,
halivni_1986,David Weiss Halivni,1986,"Midrash, Mishnah, and Gemara",book,Harvard University Press,Rabbinics,stammaim; redaction,Stammaitic redaction theory,needs-page-verification,
boyarin_1990,Daniel Boyarin,1990,Intertextuality and the Reading of Midrash,book,Indiana University Press,Rabbinics,midrash; intertextuality,Literary/intertextual turn in midrash,needs-page-verification,
fraade_1991,Steven D. Fraade,1991,From Tradition to Commentary,book,SUNY Press,Rabbinics,Sifre Deuteronomy,Rabbinic commentary and pedagogy,needs-page-verification,
hayes_1997,Christine Hayes,1997,Between the Babylonian and Palestinian Talmuds,book,Oxford University Press,Rabbinics,Talmud comparison,Comparative Bavli/Yerushalmi method,needs-page-verification,
hezser_2001,Catherine Hezser,2001,Jewish Literacy in Roman Palestine,book,Mohr Siebeck,Rabbinics,literacy,Social history of literacy,needs-page-verification,
rubenstein_1999,Jeffrey L. Rubenstein,1999,Talmudic Stories,book,Johns Hopkins University Press,Rabbinics,narrative; redaction,Literary/redactional reading of Bavli stories,needs-page-verification,
kalmin_2006,Richard Kalmin,2006,Jewish Babylonia between Persia and Roman Palestine,book,Oxford University Press,Rabbinics,Babylonia; context,Bavli in imperial/geographic context,needs-page-verification,
berkowitz_2006,Beth A. Berkowitz,2006,Execution and Invention,book,Oxford University Press,Rabbinics,law; Roman context,Rabbinic execution and Roman law,needs-page-verification,
vidas_2014,Moulie Vidas,2014,Tradition and the Formation of the Talmud,book,Princeton University Press,Rabbinics,redaction; tradition,Formation and authority in Bavli,needs-page-verification,
balberg_2017,Mira Balberg,2017,Blood for Thought,book,University of California Press,Rabbinics,sacrifice; cognition,Rabbinic sacrifice after Temple,needs-page-verification,
rosenzvi_2012,Ishay Rosen-Zvi,2012,Demonic Desires,book,University of Pennsylvania Press,Rabbinics,yetzer; anthropology,Rabbinic anthropology and desire,needs-page-verification,
koren_2025,Yedida Koren,2025,Reading Rabbinic Law as Literature,article,AJS Review?,Rabbinics,law as literature,Recent rabbinics article seed,needs-verification,Recent-literature seed
schwartz_dei_verbum_2026,Ethan Schwartz,2026,Tradition-Informed Historical Criticism: A Jewish Reading of Dei Verbum 12,article,CBQ 88.1,Jewish-Christian Hermeneutics,tradition; criticism,Current cross-tradition hermeneutical article,web-verified,CBQ 88.1 2026
trible_1984,Phyllis Trible,1984,Texts of Terror,book,Fortress,Feminist HB,sexual violence,Classic feminist close readings of terror texts,needs-page-verification,
sfiorenza_1983,Elisabeth Schüssler Fiorenza,1983,In Memory of Her,book,Crossroad,Feminist NT,early Christian women,Foundational feminist reconstruction,needs-page-verification,
weems_1995,Renita J. Weems,1995,Battered Love,book,Fortress,Womanist HB,prophetic marriage metaphor,Womanist critique of prophetic sexual violence metaphors,needs-page-verification,
yee_2003,Gale A. Yee,2003,Poor Banished Children of Eve,book,Fortress,Feminist/materialist HB,Genesis; ideology,Feminist/materialist ideology critique,needs-page-verification,
dube_2000,Musa W. Dube,2000,Postcolonial Feminist Interpretation of the Bible,book,Chalice,Postcolonial/Feminist,method,Foundational postcolonial feminist method,needs-page-verification,
segovia_2000,Fernando F. Segovia,2000,Decolonizing Biblical Studies,book,Orbis,Postcolonial,method,Programmatic decolonial/postcolonial intervention,needs-page-verification,
sugirtharajah_2001,R. S. Sugirtharajah,2001,The Bible and the Third World,book,Cambridge University Press,Postcolonial/Global,reception/history,Global/postcolonial biblical studies,needs-page-verification,
gafney_2017,Wilda C. Gafney,2017,Womanist Midrash,book,Westminster John Knox,Womanist HB,midrash; gender,Womanist exegetical method,needs-page-verification,
smith_junior_2018,Mitzi J. Smith and Nyasha Junior,2018,I Found God in Me,edited volume,Cascade,Womanist NT,womanist biblical hermeneutics,Womanist biblical interpretation collection,needs-page-verification,
dube_2024,Musa W. Dube,2024,"Behold, the Global Translated Bible(s)! Research and Pedagogical Implications",article,JBL 143.1,Global/Reception,global translated Bibles,Current programmatic global Bible article,web-verified,Project MUSE JBL 143.1 2024
thiede_2024,Barbara Thiede,2024,Rape Culture and Biblical Studies,article,JBL 143.2,Critical Methods,rape culture,Current methodological intervention,web-verified,Project MUSE JBL 143.2 2024
dempsey_2026,Carol J. Dempsey,2026,Moving beyond Text-Fetishism,article,CBQ 88.1,Methods,text-fetishism; hermeneutics,Current methodological intervention,web-verified,CBQ 88.1 2026
qin_yan_global_2025,Qian Qin and Fangming Yan,2025,A Sinicized Feminist Reading of Song of Songs,article,JSOT 50.2,Global/Feminist Reception,Chinese translation; Song,Current Sinicized feminist reception article,web-verified,SAGE JSOT 50.2 2025
schipper_2006,Jeremy Schipper,2006,Disability Studies and the Hebrew Bible,book,T&T Clark,Disability Studies,method,Foundational disability-HB monograph,needs-page-verification,
moss_2011,Candida Moss,2011,The Other Christs,book,Oxford University Press,Disability/NT,martyrdom; body,Embodiment and difference in early Christianity,needs-page-verification,
belser_2015,Julia Watts Belser,2015,"Power, Ethics, and Ecology in Jewish Late Antiquity",book,Cambridge University Press,Disability/Ecology/Rabbinics,ecology; disability,Jewish late antique ecology/ethics,needs-page-verification,
millar_2024,Suzanna R. Millar,2024,The Division of Animal and Human Labor,article,JBL 143.3,Animal Studies/HB,animal labor,Current animal studies article,web-verified,Project MUSE JBL 143.3 2024
portier_young_2024,Anathea Portier-Young,2024,Miriam's Embodied Prophecy,article,JBL 143.2,Feminist HB,embodiment; prophecy,Current embodiment/gender article,web-verified,Project MUSE JBL 143.2 2024
beavis_2026,Mary Ann Beavis,2026,Tabitha the Disciple: Female Agency in Acts,article,CBQ 88.1,Feminist NT,Acts; female agency,Current feminist Acts article,web-verified,CBQ 88.1 2026
douglas_2026_gender,Sally Douglas,2026,Home in Time for Dinner,article,JSNT 48.3,Feminist NT,Mark; meals; gender,Current gendered meal-scene reading,web-verified,SAGE JSNT 48.3 2026
geiger_1833,Abraham Geiger,1833,Was hat Mohammed aus dem Judenthume aufgenommen?,book,Bonn,Qur'an/Bible,Jewish sources,Classic source-comparison framework,needs-page-verification,
speyer_1931,Heinrich Speyer,1931,Die biblischen Erzählungen im Qoran,book,Hildesheim,Qur'an/Bible,biblical narratives,Classic inventory of biblical narratives in Qur'an,needs-page-verification,
wansbrough_1977,John Wansbrough,1977,Quranic Studies,book,Oxford University Press,Qur'an/Bible,sectarian milieu,Revisionist literary formation model,needs-page-verification,
neuwirth_2010,Angelika Neuwirth,2010,Der Koran als Text der Spätantike,book,Verlag der Weltreligionen,Qur'an/Bible,late antiquity,Qur'an as late antique text,needs-page-verification,
reynolds_2010,Gabriel Said Reynolds,2010,The Qur'an and Its Biblical Subtext,book,Routledge,Qur'an/Bible,biblical subtext,Qur'an in conversation with biblical traditions,needs-page-verification,
griffith_2013,Sidney H. Griffith,2013,The Bible in Arabic,book,Princeton University Press,Christian Arabic,Arabic Bible,Christian Arabic and Islamicate scriptural world,needs-page-verification,
pregill_2020,Michael Pregill,2020,The Golden Calf between Bible and Qur'an,book,Oxford University Press,Qur'an/Bible,Golden Calf,Long genealogy of biblical/Qur'anic exegetical tradition,needs-page-verification,
sinai_2017,Nicolai Sinai,2017,The Qur'an: A Historical-Critical Introduction,book,Edinburgh University Press,Qur'an/Bible,historical criticism,Current historical-critical synthesis,needs-page-verification,
radday_shore_1985,Yehuda T. Radday and Haim Shore,1985,Genesis: An Authorship Study in Computer-Assisted Statistical Linguistics,book,Biblical Institute Press,Digital/HB,stylometry,Early computational authorship study,needs-page-verification,
koppel_2011,Moshe Koppel et al.,2011,Unsupervised Decomposition of a Document into Authorial Components,article,Proceedings/PNAS?,Digital/HB,computational source criticism,Computational authorship/source decomposition,needs-page-verification,
faigenbaum_golovin_2016,Shira Faigenbaum-Golovin et al.,2016,Algorithmic Handwriting Analysis of Judah's Military Correspondence,article,PNAS,Digital/Epigraphy,ostraca; literacy,Algorithmic paleography/literacy debate,needs-page-verification,
yoffe_2023,Laura Yoffe,2023,Computational Approaches to Biblical Source Criticism,article,journal seed,Digital/HB,source criticism,Recent computational-source-criticism seed,needs-verification,Recent-literature seed
smiley_2025,B. Smiley,2025,Computational Parallel Detection and Inner-Biblical Allusion,article,journal seed,Digital/HB,allusion detection,Recent computational intertext seed,needs-verification,Recent-literature seed
