author,year,title,venue,subfield,topic,why_hot_or_current,source_note
Elizabeth Struthers Malbon,2026,Mark 2.15 in Even Broader Context: A Reflection,Journal for the Study of the New Testament 48.3,NT/Gospels,Mark 2.15; house/family,Retrospective on Malbon 1985 and renewed household/space debate,SAGE JSNT 48.3 2026
David M. May,2026,A Retrospective on Mark 2.15,Journal for the Study of the New Testament 48.3,NT/Gospels,Mark 2.15; house/family,Retrospective on his 1993 response to Malbon,SAGE JSNT 48.3 2026
Tobias Ålöw,2026,Whose House? Revisiting the Referent of αὐτοῦ in Mark 2.15,Journal for the Study of the New Testament 48.3,NT/Gospels,Mark 2.15; Greek syntax,Reopens a classic article exchange with linguistic argument,SAGE JSNT 48.3 2026
J. Andrew Doole,2026,Revisiting Jesus's House,Journal for the Study of the New Testament 48.3,NT/Gospels,Mark 2.15; Jesus's house,Reassesses house referent and narrative implications,SAGE JSNT 48.3 2026
Sally Douglas,2026,Home in Time for Dinner: Dinner Scenes in Mark's Gospel as Challenge to Gender Expectations,Journal for the Study of the New Testament 48.3,NT/Gospels,Mark; gender; meals,Moves the house debate toward gendered meal scenes,SAGE JSNT 48.3 2026
Timo Glaser,2026,"The House, the Table, and the Message: Re-reading Mark's Meals Through the Lens of Ancient Jewish Missions",Journal for the Study of the New Testament 48.3,NT/Gospels,Mark; meals; mission,Connects Markan meals with Jewish mission/social identity,SAGE JSNT 48.3 2026
Kai Akagi,2026,From Eph 3.15 Back to Eph 1.10: An Exegetical Justification of a Sociological Approach,Journal for the Study of the New Testament 48.3,Pauline/Deutero-Pauline,Ephesians; household; sociology,Links exegetical and sociological readings of Ephesians,SAGE JSNT 48.3 2026
Alfredo Delgado Gómez,2026,In Response to the Image and Inscription of Caesar: A Rhetorical Analysis of Mark 12.14-17,Journal for the Study of the New Testament 48.3,NT/Gospels,Mark; Caesar; empire,Current rhetorical/empire rereading of tribute-money pericope,SAGE JSNT 48.3 2026
Timothy Murray,2026,The Social Location of Luke and Acts: A Model of Ancient Multilingualism,Journal for the Study of the New Testament 48.3,Luke-Acts,multilingualism; social location,Current linguistic-social model for Luke-Acts,SAGE JSNT 48.3 2026
Bart B. Bruehler,2026,"Truly Human, Truly Divine: Positive Emotion as a Component of Luke's Christology",Journal for the Study of the New Testament 48.3,Luke-Acts,emotion; Christology,Part of affect/emotion turn in Gospel Christology,SAGE JSNT 48.3 2026
Aaron Wilson and James van de Weghe,2026,Re-Examining the Statistical Evidence for the Influence of Mark 13 on 2 Thessalonians 2.1-12,Journal for the Study of the New Testament 48.3,Pauline/Deutero-Pauline,Mark 13; 2 Thessalonians; intertextuality,Continues a 2024 JSNT exchange against Bauckham's 2017 thesis,SAGE JSNT 48.3 2026
Phillip Michael Sherman,2026,Houses full of owls: Oracular owls in Isaiah,Journal for the Study of the Old Testament 50.3,HB/Prophets,Isaiah; animals; divination,Animal/divination reading of prophetic imagery,SAGE JSOT 50.3 2026
Jihye Yu,2026,Cultural memory in Deuteronomy 4 and 32,Journal for the Study of the Old Testament 50.3,HB/Torah,Deuteronomy; cultural memory,Current cultural-memory reading of Deuteronomy,SAGE JSOT 50.3 2026
Zara Zhang,2026,Sintflut and Sinai: Genesis 6-8's allusion to Exodus 24-40,Journal for the Study of the Old Testament 50.3,HB/Torah,Genesis; Exodus; inner-biblical allusion,Current article on cross-Pentateuchal allusion,SAGE JSOT 50.3 2026
Stuart Lasine,2026,Cain and the book of Jonah,Journal for the Study of the Old Testament 50.3,HB/Narrative,Jonah; Cain; intertextuality,Intertextual narrative reading of Jonah,SAGE JSOT 50.3 2026
Marianne Bjelland Kartzow? / Moen and Bohn,2026,Elisha—predatory prophet? A contemporary analysis of the Elisha episodes with the Shunammite woman,Journal for the Study of the Old Testament 50.3,HB/Prophets,Elisha; sexual violence; ethics,Current ethical/gender analysis of prophetic narrative,SAGE JSOT 50.3 2026
Samantha Scott,2026,Provisioning the Persians: Posing Persia in Ezra 6.8-12,Journal for the Study of the Old Testament 50.3,HB/Postexilic,Ezra; Persian empire,Persian-period imperial-administration reading,SAGE JSOT 50.3 2026
Carol J. Dempsey,2026,Moving beyond Text-Fetishism: Traversing a Multiplicity of Paths to Biblical Interpretation,Catholic Biblical Quarterly 88.1,Methods,hermeneutics; materiality; text-fetishism,Programmatic intervention in interpretive method,CBQ 88.1 2026
Carlos A. Garcia Alayon,2026,Delimiting Creation: The Early Septuagint Witness of Genesis 1,Catholic Biblical Quarterly 88.1,Textual Criticism/LXX,Genesis 1; LXX; delimitation,Recent LXX textual article on Genesis 1,CBQ 88.1 2026
Mary Ann Beavis,2026,Tabitha the disciple: Female agency in Acts,Catholic Biblical Quarterly 88.1,Acts,Tabitha; gender; agency,Current feminist Acts article,CBQ 88.1 2026
Rubin McClain,2026,New Jerusalem and Greco-Roman City Founding,Catholic Biblical Quarterly 88.1,Revelation,New Jerusalem; urbanism,Current material/Greco-Roman context for Revelation,CBQ 88.1 2026
Ehud Ben Zvi,2026,"Open the Gates! Writing, Authoritative Texts, Social Memory, Imagination, Community, and Isaiah 26:1-6",Journal of Biblical Literature 145.1,HB/Prophets,Isaiah; social memory,Current JBL social-memory article,SBL/JBL 145.1 2026
Robert Myles,2026,"Soft Clothing, Hard Jesus: Costume and the Rhetoric of Class in Matthew 11:7-19 and Q 7:24-35",Journal of Biblical Literature 145.1,Historical Jesus/Gospels,class; Q; costume,Current class/material-culture Jesus article,SBL/JBL 145.1 2026
John Genter,2026,The Messianic Secret in Matthew's Gospel,Journal of Biblical Literature 145.1,NT/Gospels,Matthew; messianic secret,Revisits Wredean motif in Matthew,SBL/JBL 145.1 2026
Joshua Chan,2026,Multilingual Speech from Heaven: Reading Acts 2:3 through Ancient Conceptions of Tongues,Journal of Biblical Literature 145.1,Luke-Acts,Acts 2; tongues; multilingualism,Links Acts to ancient conceptions of tongues/language,SBL/JBL 145.1 2026
T. M. Lemos,2025,"We became refuse and rubbish: Violence, filth, and rehumanization after exile",Journal for the Study of the Old Testament 50.2,HB/Exile,violence; filth; exile,Current trauma/embodiment/dehumanization article,SAGE JSOT 50.2 2025
Jacob Deans,2025,Amos amongst the nōqdīm,Journal for the Study of the Old Testament 50.2,HB/Prophets,Amos; social location,Current lexical/social-location Amos article,SAGE JSOT 50.2 2025
Diego Pérez-Gondar,2025,Psalm 22 and intertextual dialogism,Journal for the Study of the Old Testament 50.2,HB/Psalms,Psalm 22; dialogism,Current intertextuality/dialogism article,SAGE JSOT 50.2 2025
Jordan Jones,2025,Could the Preacher have learned from the Teaching of Khety?,Journal for the Study of the Old Testament 50.2,HB/Wisdom,Qohelet; Egyptian wisdom,Current Egyptological-comparative wisdom article,SAGE JSOT 50.2 2025
Qian Qin and Fangming Yan,2025,Sinicized feminist reading: Wu Shutian's translation of Song of Songs,Journal for the Study of the Old Testament 50.2,Reception/Global,Song of Songs; Chinese translation; feminism,Current global/feminist reception article,SAGE JSOT 50.2 2025
Hila Dayfani,2025,The Priestly Stratum in the Book of Genesis: A Materialist Foundation,Journal for the Study of the Old Testament 50.2,HB/Torah,Genesis; Priestly source,Current intervention in Priestly-source debate,SAGE JSOT 50.2 2025
Michael Press,2025,Fake Dead Sea Scrolls: Towards a Full History,Dead Sea Discoveries 32.3,Qumran/Manuscripts,DSS forgeries; provenance,Current full-history treatment of fake DSS fragments,Brill DSD 32.3 2025
A. G. Catalano,2025,Alternative Readings in the Septuagint as 'Snapshots' of Textual Development: The Test-Case of Hos 14:3,Vetus Testamentum 75.4-5,Textual Criticism/LXX,Hosea; LXX; textual development,Recent LXX textual-development article,Brill VT 75.4-5 2025
S. B. Chavel,2025,Race and Ethnicity at Genesis 10 and the Idea of 'Semites',Vetus Testamentum 75.4-5,HB/Torah,Genesis 10; race; ethnicity,Recent race/ethnicity article in Hebrew Bible,Brill VT 75.4-5 2025
B. Rossi,2025,Jeremiah 10:1-16 MT and LXX,Vetus Testamentum 75.4-5,Textual Criticism/HB,Jeremiah MT/LXX,Recent Jeremiah textual/redaction article,Brill VT 75.4-5 2025
M. Segal,2025,From the Jordan to Mt. Ebal and Back,Vetus Testamentum 75.4-5,HB/Torah/Former Prophets,Deut 27; Josh 3-4; Josh 8,Recent law/narrative textual dynamics article,Brill VT 75.4-5 2025
Garrick V. Allen,2025,Studies of Shapes: Subjectivity in Palaeography and Understanding,New Testament Studies 71.2,NT Textual Criticism,palaeography; subjectivity,Current methodological critique of objective palaeographic dating,Cambridge NTS latest issue 2025
Musa W. Dube,2024,"Behold, the Global Translated Bible(s)! Research and Pedagogical Implications",Journal of Biblical Literature 143.1,Global/Reception,translation; pedagogy; global Bible,Current programmatic global-Bible article,Project MUSE JBL 143.1 2024
Sara J. K. VanDyke,2024,Materiality of Scribal Practice in Isaiah 8:1-2,Journal of Biblical Literature 143.1,HB/Prophets,Isaiah; scribal practice,Recent materiality/scribal-practice article,Project MUSE JBL 143.1 2024
Barbara Thiede,2024,Rape Culture and Biblical Studies,Journal of Biblical Literature 143.2,Critical Methods,rape culture; biblical interpretation,Current methodological intervention on sexual violence,Project MUSE JBL 143.2 2024
Anathea Portier-Young,2024,Miriam's Embodied Prophecy,Journal of Biblical Literature 143.2,HB/Torah,Miriam; embodiment; prophecy,Current embodiment/gender/profits article,Project MUSE JBL 143.2 2024
Kimberly Rouse,2024,The Altar on Mount Ebal and the Israelite Settlement,Journal of Biblical Literature 143.2,Archaeology/HB,Mt. Ebal; altar; settlement,Current archaeology/text debate article,Project MUSE JBL 143.2 2024
Suzanna R. Millar,2024,The Division of Animal and Human Labor,Journal of Biblical Literature 143.3,Critical/Ecological,animals; labor; Hebrew Bible,Recent animal-studies/ecology article,Project MUSE JBL 143.3 2024
Hannah Harrington Hughes-Huff,2024,The Dead Sea Scrolls in Popular Media,Journal of Biblical Literature 143.3,Qumran/Reception,DSS; popular media,Current Qumran reception/public scholarship article,Project MUSE JBL 143.3 2024
Sean A. Adams / Kochenash,2024,"The Census, Josephus, and Luke's Narrative Strategy",Journal of Biblical Literature 143.3,Luke-Acts,Luke 2; Josephus; historiography,Recent Luke historiography article,Project MUSE JBL 143.3 2024
